metric,emotion,n,pearson_r,pearson_p,spearman_r,spearman_p
p01,admiration,26372,0.021,<0.001,0.022,<0.001
p01,amusement,26372,-0.015,0.015,-0.015,0.013
p01,anger,26372,0.003,0.610,0.003,0.634
p01,annoyance,26372,-0.001,0.881,0.000,0.969
p01,approval,26372,0.008,0.173,0.008,0.201
p01,caring,26372,-0.001,0.857,-0.002,0.787
p01,confusion,26372,-0.012,0.062,-0.012,0.049
p01,curiosity,26372,-0.005,0.414,-0.004,0.499
p01,desire,26372,-0.012,0.060,-0.012,0.050
p01,disappointment,26372,-0.009,0.164,-0.009,0.141
p01,disapproval,26372,-0.020,0.002,-0.020,<0.001
p01,disgust,26372,-0.007,0.236,-0.007,0.249
p01,embarrassment,26372,0.008,0.190,0.008,0.204
p01,excitement,26372,-0.007,0.244,-0.006,0.344
p01,fear,26372,-0.024,<0.001,-0.024,<0.001
p01,gratitude,26372,-0.018,0.004,-0.018,0.004
p01,joy,26372,-0.005,0.446,-0.005,0.440
p01,love,26372,0.040,<0.001,0.041,<0.001
p01,neutral,26372,-0.009,0.125,-0.011,0.085
p01,optimism,26372,-0.009,0.137,-0.008,0.186
p01,realization,26372,0.015,0.015,0.015,0.015
p01,remorse,26372,0.007,0.249,0.007,0.242
p01,sadness,26372,-0.006,0.362,-0.006,0.293
p01,surprise,26372,-0.011,0.077,-0.011,0.077
p05,admiration,26372,0.025,<0.001,0.024,<0.001
p05,amusement,26372,-0.023,<0.001,-0.022,<0.001
p05,anger,26372,0.006,0.323,0.006,0.298
p05,annoyance,26372,-0.003,0.642,-0.003,0.592
p05,approval,26372,0.017,0.006,0.018,0.003
p05,caring,26372,-0.005,0.416,-0.006,0.362
p05,confusion,26372,-0.012,0.057,-0.012,0.062
p05,curiosity,26372,-0.010,0.109,-0.011,0.079
p05,desire,26372,-0.002,0.772,-0.001,0.876
p05,disappointment,26372,-0.007,0.272,-0.007,0.264
p05,disapproval,26372,-0.020,0.001,-0.019,0.002
p05,disgust,26372,0.003,0.677,0.002,0.701
p05,embarrassment,26372,0.007,0.253,0.007,0.245
p05,excitement,26372,-0.004,0.477,-0.004,0.520
p05,fear,26372,-0.020,0.001,-0.019,0.002
p05,gratitude,26372,-0.018,0.004,-0.017,0.005
p05,joy,26372,0.006,0.364,0.005,0.401
p05,love,26372,0.042,<0.001,0.040,<0.001
p05,neutral,26372,-0.016,0.008,-0.015,0.017
p05,optimism,26372,-0.001,0.915,-0.001,0.829
p05,realization,26372,0.002,0.751,0.002,0.696
p05,remorse,26372,0.001,0.884,0.000,0.937
p05,sadness,26372,-0.016,0.007,-0.016,0.009
p05,surprise,26372,-0.015,0.016,-0.015,0.013
p10,admiration,26372,0.014,0.025,0.013,0.038
p10,amusement,26372,-0.007,0.227,-0.010,0.122
p10,anger,26372,0.009,0.145,0.009,0.136
p10,annoyance,26372,-0.004,0.531,-0.003,0.639
p10,approval,26372,0.021,<0.001,0.023,<0.001
p10,caring,26372,0.001,0.877,0.002,0.799
p10,confusion,26372,-0.007,0.273,-0.006,0.315
p10,curiosity,26372,-0.009,0.147,-0.011,0.079
p10,desire,26372,0.006,0.344,0.007,0.252
p10,disappointment,26372,0.003,0.673,0.002,0.704
p10,disapproval,26372,-0.005,0.439,-0.004,0.552
p10,disgust,26372,0.007,0.273,0.007,0.244
p10,embarrassment,26372,0.004,0.466,0.005,0.456
p10,excitement,26372,-0.014,0.026,-0.014,0.026
p10,fear,26372,-0.030,<0.001,-0.028,<0.001
p10,gratitude,26372,-0.011,0.070,-0.010,0.117
p10,joy,26372,0.002,0.764,0.003,0.583
p10,love,26372,0.031,<0.001,0.026,<0.001
p10,neutral,26372,-0.019,0.002,-0.016,0.010
p10,optimism,26372,-0.006,0.295,-0.008,0.221
p10,realization,26372,0.007,0.249,0.008,0.220
p10,remorse,26372,-0.001,0.906,0.001,0.914
p10,sadness,26372,-0.002,0.781,-0.001,0.812
p10,surprise,26372,-0.013,0.040,-0.014,0.027
pi,admiration,26372,0.006,0.330,0.028,<0.001
pi,amusement,26372,0.000,0.959,-0.020,0.001
pi,anger,26372,0.007,0.276,0.006,0.313
pi,annoyance,26372,0.003,0.637,0.001,0.823
pi,approval,26372,0.011,0.067,0.018,0.004
pi,caring,26372,0.004,0.569,-0.003,0.646
pi,confusion,26372,-0.010,0.107,-0.017,0.007
pi,curiosity,26372,-0.011,0.077,-0.008,0.171
pi,desire,26372,0.003,0.626,-0.009,0.155
pi,disappointment,26372,0.006,0.321,-0.007,0.275
pi,disapproval,26372,-0.002,0.794,-0.022,<0.001
pi,disgust,26372,0.000,0.940,0.002,0.796
pi,embarrassment,26372,0.004,0.517,0.009,0.146
pi,excitement,26372,-0.001,0.893,-0.008,0.186
pi,fear,26372,-0.028,<0.001,-0.032,<0.001
pi,gratitude,26372,-0.006,0.305,-0.021,<0.001
pi,joy,26372,-0.002,0.782,0.002,0.693
pi,love,26372,0.020,0.001,0.049,<0.001
pi,neutral,26372,-0.009,0.163,-0.018,0.003
pi,optimism,26372,0.001,0.876,-0.010,0.102
pi,realization,26372,0.002,0.711,0.011,0.084
pi,remorse,26372,0.004,0.523,0.005,0.417
pi,sadness,26372,-0.007,0.265,-0.011,0.080
pi,surprise,26372,-0.004,0.502,-0.012,0.053
cep,admiration,15643,0.013,0.117,0.012,0.125
cep,amusement,15643,-0.005,0.525,-0.009,0.255
cep,anger,15643,0.005,0.534,0.006,0.466
cep,annoyance,15643,-0.008,0.316,-0.006,0.433
cep,approval,15643,0.015,0.065,0.016,0.046
cep,caring,15643,0.006,0.483,0.005,0.506
cep,confusion,15643,-0.009,0.263,-0.009,0.272
cep,curiosity,15643,-0.002,0.806,-0.001,0.908
cep,desire,15643,0.003,0.720,0.004,0.643
cep,disappointment,15643,0.006,0.481,0.004,0.598
cep,disapproval,15643,-0.014,0.070,-0.014,0.090
cep,disgust,15643,-0.001,0.942,0.001,0.946
cep,embarrassment,15643,,,,
cep,excitement,15643,0.002,0.758,0.003,0.739
cep,fear,15643,-0.040,<0.001,-0.040,<0.001
cep,gratitude,15643,-0.001,0.863,0.000,0.999
cep,joy,15643,-0.005,0.495,-0.005,0.570
cep,love,15643,0.016,0.043,0.015,0.058
cep,neutral,15643,-0.008,0.322,-0.007,0.364
cep,optimism,15643,-0.007,0.403,-0.006,0.420
cep,realization,15643,-0.004,0.605,-0.003,0.699
cep,remorse,15643,-0.002,0.788,-0.002,0.760
cep,sadness,15643,0.000,0.979,-0.000,0.998
cep,surprise,15643,-0.003,0.749,-0.008,0.322
uiop,admiration,8504,-0.021,0.050,-0.023,0.033
uiop,amusement,8504,-0.023,0.038,-0.025,0.023
uiop,anger,8504,0.011,0.306,0.012,0.277
uiop,annoyance,8504,-0.017,0.114,-0.015,0.172
uiop,approval,8504,0.034,0.002,0.036,<0.001
uiop,caring,8504,0.011,0.312,0.010,0.345
uiop,confusion,8504,-0.008,0.465,-0.005,0.665
uiop,curiosity,8504,-0.013,0.245,-0.014,0.188
uiop,desire,8504,0.015,0.154,0.012,0.253
uiop,disappointment,8504,-0.014,0.186,-0.014,0.202
uiop,disapproval,8504,-0.006,0.602,-0.005,0.653
uiop,disgust,8504,-0.007,0.548,-0.005,0.666
uiop,embarrassment,8504,0.006,0.608,0.006,0.587
uiop,excitement,8504,-0.001,0.933,-0.001,0.956
uiop,fear,8504,-0.032,0.004,-0.031,0.004
uiop,gratitude,8504,0.035,0.001,0.029,0.008
uiop,joy,8504,0.016,0.132,0.020,0.071
uiop,love,8504,0.028,0.009,0.029,0.007
uiop,neutral,8504,-0.019,0.082,-0.016,0.147
uiop,optimism,8504,0.009,0.429,0.010,0.369
uiop,realization,8504,-0.011,0.305,-0.009,0.389
uiop,remorse,8504,0.016,0.130,0.016,0.133
uiop,sadness,8504,0.023,0.037,0.018,0.103
uiop,surprise,8504,-0.004,0.708,-0.004,0.693
pop_mean_pct,admiration,26372,0.006,0.340,0.028,<0.001
pop_mean_pct,amusement,26372,0.000,0.963,-0.020,<0.001
pop_mean_pct,anger,26372,0.007,0.272,0.007,0.288
pop_mean_pct,annoyance,26372,0.003,0.634,0.001,0.839
pop_mean_pct,approval,26372,0.011,0.066,0.017,0.005
pop_mean_pct,caring,26372,0.004,0.563,-0.003,0.680
pop_mean_pct,confusion,26372,-0.009,0.125,-0.016,0.007
pop_mean_pct,curiosity,26372,-0.011,0.065,-0.009,0.160
pop_mean_pct,desire,26372,0.003,0.602,-0.009,0.166
pop_mean_pct,disappointment,26372,0.006,0.330,-0.007,0.284
pop_mean_pct,disapproval,26372,-0.002,0.805,-0.022,<0.001
pop_mean_pct,disgust,26372,0.001,0.832,0.001,0.829
pop_mean_pct,embarrassment,26372,0.004,0.515,0.009,0.144
pop_mean_pct,excitement,26372,-0.001,0.919,-0.008,0.192
pop_mean_pct,fear,26372,-0.028,<0.001,-0.032,<0.001
pop_mean_pct,gratitude,26372,-0.006,0.322,-0.021,<0.001
pop_mean_pct,joy,26372,-0.001,0.823,0.002,0.693
pop_mean_pct,love,26372,0.020,0.001,0.049,<0.001
pop_mean_pct,neutral,26372,-0.009,0.162,-0.018,0.003
pop_mean_pct,optimism,26372,0.001,0.910,-0.010,0.097
pop_mean_pct,realization,26372,0.002,0.733,0.011,0.087
pop_mean_pct,remorse,26372,0.004,0.521,0.005,0.427
pop_mean_pct,sadness,26372,-0.007,0.281,-0.011,0.086
pop_mean_pct,surprise,26372,-0.004,0.538,-0.012,0.043
genre_js,admiration,26265,-0.005,0.383,-0.004,0.473
genre_js,amusement,26265,0.002,0.699,0.008,0.210
genre_js,anger,26265,-0.003,0.673,-0.003,0.678
genre_js,annoyance,26265,-0.003,0.609,-0.001,0.847
genre_js,approval,26265,0.012,0.060,0.011,0.079
genre_js,caring,26265,0.004,0.538,0.002,0.698
genre_js,confusion,26265,-0.002,0.766,-0.002,0.781
genre_js,curiosity,26265,0.003,0.650,0.001,0.864
genre_js,desire,26265,0.023,<0.001,0.024,<0.001
genre_js,disappointment,26265,0.010,0.100,0.010,0.100
genre_js,disapproval,26265,0.015,0.014,0.014,0.023
genre_js,disgust,26265,-0.002,0.790,-0.004,0.541
genre_js,embarrassment,26265,0.010,0.103,0.009,0.141
genre_js,excitement,26265,-0.001,0.922,0.000,0.993
genre_js,fear,26265,0.042,<0.001,0.037,<0.001
genre_js,gratitude,26265,-0.009,0.143,-0.008,0.214
genre_js,joy,26265,-0.003,0.684,-0.002,0.717
genre_js,love,26265,-0.022,<0.001,-0.022,<0.001
genre_js,neutral,26265,-0.001,0.825,-0.002,0.775
genre_js,optimism,26265,0.010,0.094,0.011,0.069
genre_js,realization,26265,-0.003,0.571,-0.005,0.409
genre_js,remorse,26265,-0.003,0.608,-0.005,0.397
genre_js,sadness,26265,-0.013,0.034,-0.016,0.008
genre_js,surprise,26265,-0.001,0.822,-0.003,0.643
genre_entropy,admiration,26372,0.016,0.010,0.016,0.011
genre_entropy,amusement,26372,-0.059,<0.001,-0.057,<0.001
genre_entropy,anger,26372,0.008,0.216,0.006,0.296
genre_entropy,annoyance,26372,-0.002,0.790,-0.003,0.603
genre_entropy,approval,26372,0.012,0.060,0.012,0.050
genre_entropy,caring,26372,0.005,0.374,0.006,0.327
genre_entropy,confusion,26372,0.002,0.807,0.001,0.899
genre_entropy,curiosity,26372,-0.006,0.327,-0.004,0.519
genre_entropy,desire,26372,-0.007,0.262,-0.005,0.447
genre_entropy,disappointment,26372,-0.008,0.204,-0.007,0.229
genre_entropy,disapproval,26372,-0.015,0.015,-0.014,0.022
genre_entropy,disgust,26372,-0.000,0.993,0.002,0.807
genre_entropy,embarrassment,26372,-0.002,0.735,-0.001,0.808
genre_entropy,excitement,26372,0.015,0.017,0.013,0.031
genre_entropy,fear,26372,-0.037,<0.001,-0.035,<0.001
genre_entropy,gratitude,26372,0.008,0.193,0.007,0.267
genre_entropy,joy,26372,0.007,0.269,0.005,0.402
genre_entropy,love,26372,0.020,0.001,0.019,0.002
genre_entropy,neutral,26372,0.004,0.491,0.003,0.660
genre_entropy,optimism,26372,-0.005,0.432,-0.004,0.562
genre_entropy,realization,26372,0.009,0.141,0.006,0.329
genre_entropy,remorse,26372,-0.001,0.861,0.000,0.946
genre_entropy,sadness,26372,-0.010,0.112,-0.009,0.143
genre_entropy,surprise,26372,-0.003,0.599,-0.002,0.697
year_decade_js,admiration,26323,0.005,0.388,0.006,0.328
year_decade_js,amusement,26323,-0.011,0.071,-0.010,0.089
year_decade_js,anger,26323,0.003,0.676,0.003,0.570
year_decade_js,annoyance,26323,-0.004,0.533,-0.003,0.667
year_decade_js,approval,26323,0.006,0.350,0.005,0.449
year_decade_js,caring,26323,-0.005,0.458,-0.005,0.465
year_decade_js,confusion,26323,-0.009,0.136,-0.010,0.090
year_decade_js,curiosity,26323,-0.004,0.470,-0.005,0.418
year_decade_js,desire,26323,-0.019,0.002,-0.022,<0.001
year_decade_js,disappointment,26323,-0.001,0.878,-0.003,0.650
year_decade_js,disapproval,26323,-0.022,<0.001,-0.022,<0.001
year_decade_js,disgust,26323,0.001,0.917,0.000,0.976
year_decade_js,embarrassment,26323,0.002,0.770,0.002,0.765
year_decade_js,excitement,26323,-0.018,0.004,-0.019,0.003
year_decade_js,fear,26323,0.003,0.672,0.001,0.885
year_decade_js,gratitude,26323,-0.014,0.021,-0.013,0.032
year_decade_js,joy,26323,-0.007,0.282,-0.008,0.190
year_decade_js,love,26323,0.022,<0.001,0.024,<0.001
year_decade_js,neutral,26323,0.012,0.046,0.013,0.042
year_decade_js,optimism,26323,-0.010,0.098,-0.009,0.158
year_decade_js,realization,26323,0.013,0.032,0.013,0.030
year_decade_js,remorse,26323,0.006,0.314,0.005,0.393
year_decade_js,sadness,26323,0.004,0.554,0.003,0.592
year_decade_js,surprise,26323,-0.002,0.781,-0.003,0.637
year_decade_entropy,admiration,26323,0.016,0.012,0.015,0.018
year_decade_entropy,amusement,26323,-0.008,0.191,-0.008,0.187
year_decade_entropy,anger,26323,0.013,0.034,0.010,0.122
year_decade_entropy,annoyance,26323,0.009,0.149,0.007,0.282
year_decade_entropy,approval,26323,-0.006,0.361,-0.005,0.438
year_decade_entropy,caring,26323,-0.007,0.242,-0.007,0.251
year_decade_entropy,confusion,26323,-0.007,0.262,-0.008,0.208
year_decade_entropy,curiosity,26323,0.009,0.164,0.009,0.149
year_decade_entropy,desire,26323,-0.006,0.361,-0.005,0.383
year_decade_entropy,disappointment,26323,-0.009,0.147,-0.009,0.150
year_decade_entropy,disapproval,26323,-0.015,0.014,-0.015,0.014
year_decade_entropy,disgust,26323,0.011,0.079,0.011,0.070
year_decade_entropy,embarrassment,26323,-0.003,0.655,-0.003,0.653
year_decade_entropy,excitement,26323,0.005,0.388,0.005,0.404
year_decade_entropy,fear,26323,-0.012,0.061,-0.011,0.064
year_decade_entropy,gratitude,26323,-0.007,0.236,-0.007,0.249
year_decade_entropy,joy,26323,0.007,0.237,0.007,0.255
year_decade_entropy,love,26323,0.025,<0.001,0.024,<0.001
year_decade_entropy,neutral,26323,-0.018,0.004,-0.017,0.006
year_decade_entropy,optimism,26323,0.004,0.529,0.005,0.455
year_decade_entropy,realization,26323,-0.007,0.264,-0.008,0.186
year_decade_entropy,remorse,26323,0.001,0.931,0.001,0.896
year_decade_entropy,sadness,26323,-0.007,0.254,-0.007,0.262
year_decade_entropy,surprise,26323,-0.002,0.702,-0.002,0.727
mean_year,admiration,26323,-0.006,0.295,-0.011,0.076
mean_year,amusement,26323,0.020,0.001,0.011,0.076
mean_year,anger,26323,-0.004,0.526,-0.007,0.274
mean_year,annoyance,26323,0.001,0.915,-0.004,0.566
mean_year,approval,26323,-0.008,0.205,-0.005,0.411
mean_year,caring,26323,0.005,0.438,0.005,0.462
mean_year,confusion,26323,0.008,0.198,0.009,0.130
mean_year,curiosity,26323,0.001,0.915,0.001,0.890
mean_year,desire,26323,0.019,0.002,0.034,<0.001
mean_year,disappointment,26323,0.004,0.550,0.010,0.114
mean_year,disapproval,26323,0.025,<0.001,0.030,<0.001
mean_year,disgust,26323,-0.007,0.250,-0.003,0.604
mean_year,embarrassment,26323,0.001,0.852,0.000,0.995
mean_year,excitement,26323,0.012,0.058,0.019,0.003
mean_year,fear,26323,-0.003,0.669,0.004,0.481
mean_year,gratitude,26323,0.013,0.029,0.014,0.026
mean_year,joy,26323,0.001,0.846,0.007,0.272
mean_year,love,26323,-0.029,<0.001,-0.037,<0.001
mean_year,neutral,26323,-0.006,0.327,-0.004,0.508
mean_year,optimism,26323,0.010,0.115,0.011,0.081
mean_year,realization,26323,-0.004,0.489,-0.011,0.068
mean_year,remorse,26323,-0.007,0.285,-0.006,0.335
mean_year,sadness,26323,-0.003,0.575,-0.001,0.876
mean_year,surprise,26323,0.002,0.714,0.010,0.102
redundancy_new,admiration,26372,0.020,<0.001,0.019,0.002
redundancy_new,amusement,26372,-0.006,0.328,-0.008,0.192
redundancy_new,anger,26372,-0.005,0.402,-0.005,0.401
redundancy_new,annoyance,26372,0.005,0.384,0.004,0.495
redundancy_new,approval,26372,-0.010,0.115,-0.007,0.239
redundancy_new,caring,26372,-0.042,<0.001,-0.044,<0.001
redundancy_new,confusion,26372,0.003,0.670,0.004,0.534
redundancy_new,curiosity,26372,0.017,0.006,0.019,0.002
redundancy_new,desire,26372,-0.007,0.226,-0.006,0.333
redundancy_new,disappointment,26372,-0.008,0.194,-0.007,0.234
redundancy_new,disapproval,26372,-0.000,1.000,0.001,0.826
redundancy_new,disgust,26372,0.004,0.477,0.005,0.387
redundancy_new,embarrassment,26372,0.007,0.271,0.008,0.215
redundancy_new,excitement,26372,0.005,0.397,0.002,0.720
redundancy_new,fear,26372,-0.012,0.047,-0.012,0.045
redundancy_new,gratitude,26372,-0.047,<0.001,-0.051,<0.001
redundancy_new,joy,26372,-0.001,0.930,0.000,0.939
redundancy_new,love,26372,0.042,<0.001,0.043,<0.001
redundancy_new,neutral,26372,-0.013,0.031,-0.013,0.032
redundancy_new,optimism,26372,-0.022,<0.001,-0.024,<0.001
redundancy_new,realization,26372,-0.007,0.278,-0.007,0.241
redundancy_new,remorse,26372,-0.001,0.935,-0.002,0.716
redundancy_new,sadness,26372,-0.006,0.348,-0.005,0.443
redundancy_new,surprise,26372,0.002,0.703,0.004,0.509
redundancy_repeated,admiration,26372,-0.015,0.016,-0.014,0.026
redundancy_repeated,amusement,26372,0.017,0.005,0.014,0.021
redundancy_repeated,anger,26372,0.015,0.012,0.012,0.060
redundancy_repeated,annoyance,26372,0.008,0.175,0.010,0.122
redundancy_repeated,approval,26372,0.005,0.432,0.005,0.374
redundancy_repeated,caring,26372,0.051,<0.001,0.054,<0.001
redundancy_repeated,confusion,26372,-0.018,0.003,-0.018,0.003
redundancy_repeated,curiosity,26372,-0.017,0.005,-0.018,0.004
redundancy_repeated,desire,26372,-0.010,0.094,-0.010,0.123
redundancy_repeated,disappointment,26372,0.003,0.661,0.002,0.734
redundancy_repeated,disapproval,26372,-0.023,<0.001,-0.023,<0.001
redundancy_repeated,disgust,26372,-0.004,0.541,-0.004,0.555
redundancy_repeated,embarrassment,26372,-0.003,0.582,-0.003,0.572
redundancy_repeated,excitement,26372,-0.003,0.667,-0.002,0.701
redundancy_repeated,fear,26372,0.002,0.756,0.002,0.732
redundancy_repeated,gratitude,26372,0.071,<0.001,0.072,<0.001
redundancy_repeated,joy,26372,0.004,0.503,0.005,0.441
redundancy_repeated,love,26372,-0.031,<0.001,-0.033,<0.001
redundancy_repeated,neutral,26372,-0.001,0.853,0.000,0.973
redundancy_repeated,optimism,26372,0.041,<0.001,0.037,<0.001
redundancy_repeated,realization,26372,-0.002,0.738,-0.001,0.842
redundancy_repeated,remorse,26372,0.003,0.591,0.004,0.472
redundancy_repeated,sadness,26372,-0.000,0.997,-0.001,0.929
redundancy_repeated,surprise,26372,-0.005,0.433,-0.004,0.507
