dataset,conversation_id,topic_id,system_turn_idx,utterance_idx,user_index,emotion_top1,emotion_top1_score,p01,p05,p10,pi,cep,uiop,pop_mean_pct,genre_js,genre_entropy,redundancy_new,redundancy_repeated,stereotype_label,stereotype_score_0,stereotype_score_1,emo_desire,emo_neutral,emo_approval,emo_optimism,emo_admiration,emo_curiosity,emo_confusion,emo_realization,emo_disapproval,emo_excitement,emo_surprise,emo_disappointment,emo_annoyance,emo_sadness,emo_love,emo_joy,emo_gratitude,rec_turn_order
cosrec,CoSRec-Curated_1,CoSRec-Curated_1_0_0#0,1,0,0,desire,0.437,0.000,0.000,0.027,0.344,,,0.348,0.625,1.525,37,0,0,0.888,,0.437,0.357,0.182,0.036,0.020,,,,,,,,,,,,,0
cosrec,CoSRec-Curated_1,CoSRec-Curated_1_0_0#1,1,0,1,desire,0.437,0.000,0.000,0.000,0.260,,,0.295,0.625,1.511,2,8,0,0.888,,0.437,0.357,0.182,0.036,0.020,,,,,,,,,,,,,1
cosrec,CoSRec-Curated_1,CoSRec-Curated_1_0_0#2,1,0,2,desire,0.437,0.000,0.000,0.000,0.308,,,0.344,0.625,1.539,1,9,0,0.888,,0.437,0.357,0.182,0.036,0.020,,,,,,,,,,,,,2
cosrec,CoSRec-Curated_1,CoSRec-Curated_1_0_0#3,1,0,3,desire,0.437,0.000,0.000,0.000,0.230,,,0.271,0.625,1.474,1,8,0,0.888,,0.437,0.357,0.182,0.036,0.020,,,,,,,,,,,,,3
cosrec,CoSRec-Curated_1,CoSRec-Curated_1_1_0#0,3,1,0,curiosity,0.553,0.000,0.000,0.000,0.292,,,0.313,0.625,1.499,6,6,0,0.949,,,0.174,0.286,,0.020,0.553,0.036,,,,,,,,,,,4
cosrec,CoSRec-Curated_1,CoSRec-Curated_1_1_0#1,3,1,1,curiosity,0.553,0.032,0.032,0.065,0.339,,,0.378,0.625,1.572,12,19,0,0.949,,,0.174,0.286,,0.020,0.553,0.036,,,,,,,,,,,5
cosrec,CoSRec-Curated_1,CoSRec-Curated_1_1_0#2,3,1,2,curiosity,0.553,0.000,0.000,0.000,0.313,,,0.345,0.625,1.491,9,25,0,0.949,,,0.174,0.286,,0.020,0.553,0.036,,,,,,,,,,,6
cosrec,CoSRec-Curated_1,CoSRec-Curated_1_1_0#3,3,1,3,curiosity,0.553,0.000,0.000,0.000,0.263,,,0.289,0.625,1.480,3,13,0,0.949,,,0.174,0.286,,0.020,0.553,0.036,,,,,,,,,,,7
cosrec,CoSRec-Curated_1,CoSRec-Curated_1_3_0#0,7,3,0,curiosity,0.738,0.000,0.097,0.129,0.405,,,0.440,0.625,1.529,8,23,0,0.942,,,0.027,0.037,,0.646,0.738,0.114,,,,,,,,,,,8
cosrec,CoSRec-Curated_1,CoSRec-Curated_1_3_0#1,7,3,1,curiosity,0.738,0.000,0.033,0.067,0.384,,,0.426,0.603,1.760,6,24,0,0.942,,,0.027,0.037,,0.646,0.738,0.114,,,,,,,,,,,9
cosrec,CoSRec-Curated_1,CoSRec-Curated_1_3_0#2,7,3,2,curiosity,0.738,0.000,0.038,0.077,0.434,,,0.472,0.625,1.532,2,24,0,0.942,,,0.027,0.037,,0.646,0.738,0.114,,,,,,,,,,,10
cosrec,CoSRec-Curated_1,CoSRec-Curated_1_3_0#3,7,3,3,curiosity,0.738,0.000,0.033,0.067,0.379,,,0.404,0.625,1.531,1,29,0,0.942,,,0.027,0.037,,0.646,0.738,0.114,,,,,,,,,,,11
cosrec,CoSRec-Curated_2,CoSRec-Curated_2_0_0#0,1,0,0,confusion,0.852,0.000,0.000,0.000,0.130,,,0.140,0.633,1.831,16,0,0,0.971,,,0.184,0.052,,,,0.852,0.040,0.015,,,,,,,,,0
cosrec,CoSRec-Curated_2,CoSRec-Curated_2_0_0#1,1,0,1,confusion,0.852,0.000,0.000,0.000,0.128,,,0.140,0.631,2.393,7,10,0,0.971,,,0.184,0.052,,,,0.852,0.040,0.015,,,,,,,,,1
cosrec,CoSRec-Curated_2,CoSRec-Curated_2_0_0#2,1,0,2,confusion,0.852,0.000,0.000,0.000,0.296,,,0.331,0.565,3.194,25,1,0,0.971,,,0.184,0.052,,,,0.852,0.040,0.015,,,,,,,,,2
cosrec,CoSRec-Curated_2,CoSRec-Curated_2_3_0#0,7,3,0,curiosity,0.678,0.000,0.000,0.000,0.373,,,0.394,0.594,2.797,24,10,0,0.931,,,,0.115,,0.135,0.678,,,,0.132,0.112,,,,,,,3
cosrec,CoSRec-Curated_2,CoSRec-Curated_2_3_0#1,7,3,1,curiosity,0.678,0.000,0.000,0.000,0.373,,,0.386,0.610,2.605,5,18,0,0.931,,,,0.115,,0.135,0.678,,,,0.132,0.112,,,,,,,4
cosrec,CoSRec-Curated_2,CoSRec-Curated_2_3_0#2,7,3,2,curiosity,0.678,0.000,0.079,0.079,0.341,,,0.386,0.531,3.642,22,16,0,0.931,,,,0.115,,0.135,0.678,,,,0.132,0.112,,,,,,,5
cosrec,CoSRec-Curated_3,CoSRec-Curated_3_0_0#0,1,0,0,disappointment,0.635,0.000,0.000,0.015,0.256,,,0.276,0.583,1.914,66,0,0,0.972,,,0.218,,,,,,,0.199,,,0.635,0.150,0.047,,,,0
cosrec,CoSRec-Curated_3,CoSRec-Curated_3_0_0#1,1,0,1,disappointment,0.635,0.000,0.000,0.047,0.357,,,0.375,0.588,1.788,28,15,0,0.972,,,0.218,,,,,,,0.199,,,0.635,0.150,0.047,,,,1
cosrec,CoSRec-Curated_3,CoSRec-Curated_3_0_0#2,1,0,2,disappointment,0.635,0.000,0.000,0.030,0.299,,,0.334,0.572,1.961,27,40,0,0.972,,,0.218,,,,,,,0.199,,,0.635,0.150,0.047,,,,2
cosrec,CoSRec-Curated_3,CoSRec-Curated_3_0_0#3,1,0,3,disappointment,0.635,0.000,0.000,0.027,0.343,,,0.381,0.587,1.735,22,52,0,0.972,,,0.218,,,,,,,0.199,,,0.635,0.150,0.047,,,,3
cosrec,CoSRec-Curated_3,CoSRec-Curated_3_1_0#0,3,1,0,confusion,0.606,0.000,0.000,0.000,0.292,,,0.340,0.578,2.272,23,1,0,0.880,,,0.054,0.156,,0.160,0.432,0.606,,,,,,,,,,,4
cosrec,CoSRec-Curated_3,CoSRec-Curated_3_1_0#1,3,1,1,confusion,0.606,0.000,0.000,0.000,0.269,,,0.281,0.588,1.937,9,11,0,0.880,,,0.054,0.156,,0.160,0.432,0.606,,,,,,,,,,,5
cosrec,CoSRec-Curated_3,CoSRec-Curated_3_1_0#2,3,1,2,confusion,0.606,0.000,0.000,0.000,0.280,,,0.307,0.590,1.609,2,15,0,0.880,,,0.054,0.156,,0.160,0.432,0.606,,,,,,,,,,,6
cosrec,CoSRec-Curated_3,CoSRec-Curated_3_1_0#3,3,1,3,confusion,0.606,0.000,0.000,0.000,0.319,,,0.336,0.581,2.079,7,20,0,0.880,,,0.054,0.156,,0.160,0.432,0.606,,,,,,,,,,,7
cosrec,CoSRec-Curated_3,CoSRec-Curated_3_3_1#0,7,3,0,admiration,0.729,0.000,0.000,0.000,0.259,,,0.282,0.582,1.957,4,23,0,0.919,,,0.019,0.043,,0.729,0.682,0.098,,,,,,,,,,,8
cosrec,CoSRec-Curated_3,CoSRec-Curated_3_3_1#1,7,3,1,admiration,0.729,0.000,0.000,0.000,0.235,,,0.279,0.588,1.877,0,18,0,0.919,,,0.019,0.043,,0.729,0.682,0.098,,,,,,,,,,,9
cosrec,CoSRec-Curated_3,CoSRec-Curated_3_3_1#2,7,3,2,admiration,0.729,0.000,0.000,0.000,0.295,,,0.322,0.589,1.852,0,15,0,0.919,,,0.019,0.043,,0.729,0.682,0.098,,,,,,,,,,,10
cosrec,CoSRec-Curated_3,CoSRec-Curated_3_3_1#3,7,3,3,admiration,0.729,0.000,0.000,0.000,0.232,,,0.251,0.574,2.113,1,23,0,0.919,,,0.019,0.043,,0.729,0.682,0.098,,,,,,,,,,,11
cosrec,CoSRec-Curated_4,CoSRec-Curated_4_0_0#0,1,0,0,confusion,0.861,0.000,0.000,0.000,0.364,,,0.344,0.596,2.182,48,0,0,0.906,,,0.108,0.067,,,,0.861,0.032,0.037,,,,,,,,,0
cosrec,CoSRec-Curated_4,CoSRec-Curated_4_0_0#1,1,0,1,confusion,0.861,0.000,0.000,0.000,0.364,,,0.394,0.600,2.607,15,15,0,0.906,,,0.108,0.067,,,,0.861,0.032,0.037,,,,,,,,,1
cosrec,CoSRec-Curated_4,CoSRec-Curated_4_0_0#2,1,0,2,confusion,0.861,0.000,0.000,0.000,0.316,,,0.310,0.607,1.893,10,20,0,0.906,,,0.108,0.067,,,,0.861,0.032,0.037,,,,,,,,,2
cosrec,CoSRec-Curated_4,CoSRec-Curated_4_0_0#3,1,0,3,confusion,0.861,0.000,0.028,0.028,0.421,,,0.443,0.596,2.714,8,28,0,0.906,,,0.108,0.067,,,,0.861,0.032,0.037,,,,,,,,,3
cosrec,CoSRec-Curated_4,CoSRec-Curated_4_3_0#0,7,3,0,curiosity,0.746,0.000,0.000,0.029,0.347,,,0.331,0.590,2.470,15,20,0,0.799,,,0.021,0.041,,0.690,0.746,0.066,,,,,,,,,,,4
cosrec,CoSRec-Curated_4,CoSRec-Curated_4_3_0#1,7,3,1,curiosity,0.746,0.000,0.000,0.000,0.333,,,0.339,0.602,2.477,8,26,0,0.799,,,0.021,0.041,,0.690,0.746,0.066,,,,,,,,,,,5
cosrec,CoSRec-Curated_4,CoSRec-Curated_4_3_0#2,7,3,2,curiosity,0.746,0.000,0.000,0.000,0.282,,,0.288,0.603,2.281,1,21,0,0.799,,,0.021,0.041,,0.690,0.746,0.066,,,,,,,,,,,6
cosrec,CoSRec-Curated_4,CoSRec-Curated_4_3_0#3,7,3,3,curiosity,0.746,0.000,0.000,0.000,0.257,,,0.252,0.606,2.359,2,16,0,0.799,,,0.021,0.041,,0.690,0.746,0.066,,,,,,,,,,,7
cosrec,CoSRec-Curated_5,CoSRec-Curated_5_0_0#0,1,0,0,confusion,0.516,0.000,0.038,0.132,0.460,,,0.513,0.488,2.790,53,0,0,0.934,,,0.337,0.030,,,0.392,0.516,0.014,,,,,,,,,,0
cosrec,CoSRec-Curated_5,CoSRec-Curated_5_0_0#1,1,0,1,confusion,0.516,0.000,0.052,0.138,0.567,,,0.605,0.494,2.664,51,7,0,0.934,,,0.337,0.030,,,0.392,0.516,0.014,,,,,,,,,,1
cosrec,CoSRec-Curated_5,CoSRec-Curated_5_0_0#2,1,0,2,confusion,0.516,0.019,0.058,0.173,0.411,,,0.493,0.475,2.901,24,28,0,0.934,,,0.337,0.030,,,0.392,0.516,0.014,,,,,,,,,,2
cosrec,CoSRec-Curated_5,CoSRec-Curated_5_0_0#3,1,0,3,confusion,0.516,0.000,0.031,0.094,0.456,,,0.471,0.495,2.694,19,13,0,0.934,,,0.337,0.030,,,0.392,0.516,0.014,,,,,,,,,,3
cosrec,CoSRec-Curated_5,CoSRec-Curated_5_1_1#0,3,1,0,curiosity,0.777,0.000,0.087,0.239,0.612,,,0.631,0.458,2.863,28,18,0,0.942,,,0.043,0.090,,0.271,0.777,0.084,,,,,,,,,,,4
cosrec,CoSRec-Curated_5,CoSRec-Curated_5_1_1#1,3,1,1,curiosity,0.777,0.000,0.000,0.161,0.466,,,0.532,0.457,2.873,20,11,0,0.942,,,0.043,0.090,,0.271,0.777,0.084,,,,,,,,,,,5
cosrec,CoSRec-Curated_5,CoSRec-Curated_5_1_1#2,3,1,2,curiosity,0.777,0.000,0.020,0.120,0.558,,,0.583,0.489,2.514,19,31,0,0.942,,,0.043,0.090,,0.271,0.777,0.084,,,,,,,,,,,6
cosrec,CoSRec-Curated_5,CoSRec-Curated_5_1_1#3,3,1,3,curiosity,0.777,0.000,0.116,0.233,0.622,,,0.694,0.483,2.607,8,35,0,0.942,,,0.043,0.090,,0.271,0.777,0.084,,,,,,,,,,,7
cosrec,CoSRec-Curated_5,CoSRec-Curated_5_3_0#0,7,3,0,curiosity,0.765,0.000,0.033,0.100,0.573,,,0.564,0.470,2.895,37,23,0,0.906,,,0.021,0.037,,0.669,0.765,0.063,,,,,,,,,,,8
cosrec,CoSRec-Curated_5,CoSRec-Curated_5_3_0#1,7,3,1,curiosity,0.765,0.000,0.075,0.150,0.664,,,0.665,0.528,2.327,19,21,0,0.906,,,0.021,0.037,,0.669,0.765,0.063,,,,,,,,,,,9
cosrec,CoSRec-Curated_5,CoSRec-Curated_5_3_0#2,7,3,2,curiosity,0.765,0.000,0.038,0.113,0.554,,,0.568,0.519,2.455,20,33,0,0.906,,,0.021,0.037,,0.669,0.765,0.063,,,,,,,,,,,10
cosrec,CoSRec-Curated_5,CoSRec-Curated_5_3_0#3,7,3,3,curiosity,0.765,0.000,0.000,0.000,0.538,,,0.502,0.506,2.657,6,24,0,0.906,,,0.021,0.037,,0.669,0.765,0.063,,,,,,,,,,,11
cosrec,CoSRec-Curated_6,CoSRec-Curated_6_0_0#0,1,0,0,desire,0.339,0.000,0.000,0.054,0.371,,,0.395,0.460,2.960,37,0,0,0.913,,0.339,0.096,0.084,0.057,,,,,0.291,,,,,,,,,0
cosrec,CoSRec-Curated_6,CoSRec-Curated_6_0_0#1,1,0,1,desire,0.339,0.000,0.000,0.037,0.514,,,0.526,0.479,2.600,23,4,0,0.913,,0.339,0.096,0.084,0.057,,,,,0.291,,,,,,,,,1
cosrec,CoSRec-Curated_6,CoSRec-Curated_6_0_0#2,1,0,2,desire,0.339,0.000,0.000,0.032,0.408,,,0.371,0.466,2.994,24,7,0,0.913,,0.339,0.096,0.084,0.057,,,,,0.291,,,,,,,,,2
cosrec,CoSRec-Curated_6,CoSRec-Curated_6_0_0#3,1,0,3,desire,0.339,0.000,0.000,0.033,0.428,,,0.381,0.459,3.329,8,22,0,0.913,,0.339,0.096,0.084,0.057,,,,,0.291,,,,,,,,,3
cosrec,CoSRec-Curated_6,CoSRec-Curated_6_1_0#0,3,1,0,curiosity,0.764,0.000,0.011,0.032,0.376,,,0.379,0.499,2.442,74,19,0,0.789,,,0.134,0.042,0.008,,0.764,0.204,,,,,,,,,,,4
cosrec,CoSRec-Curated_6,CoSRec-Curated_6_1_0#1,3,1,1,curiosity,0.764,0.000,0.032,0.065,0.341,,,0.352,0.512,2.058,28,34,0,0.789,,,0.134,0.042,0.008,,0.764,0.204,,,,,,,,,,,5
cosrec,CoSRec-Curated_6,CoSRec-Curated_6_1_0#2,3,1,2,curiosity,0.764,0.000,0.036,0.089,0.398,,,0.410,0.510,2.068,36,20,0,0.789,,,0.134,0.042,0.008,,0.764,0.204,,,,,,,,,,,6
cosrec,CoSRec-Curated_6,CoSRec-Curated_6_1_0#3,3,1,3,curiosity,0.764,0.000,0.000,0.019,0.346,,,0.342,0.528,1.927,21,32,0,0.789,,,0.134,0.042,0.008,,0.764,0.204,,,,,,,,,,,7
cosrec,CoSRec-Curated_6,CoSRec-Curated_6_2_0#0,5,2,0,curiosity,0.785,0.000,0.000,0.014,0.280,,,0.275,0.522,1.778,47,26,1,,0.788,,,0.049,,0.128,0.785,0.051,,,0.143,,,,,,,,8
cosrec,CoSRec-Curated_6,CoSRec-Curated_6_2_0#1,5,2,1,curiosity,0.785,0.000,0.000,0.000,0.265,,,0.264,0.532,1.609,16,28,1,,0.788,,,0.049,,0.128,0.785,0.051,,,0.143,,,,,,,,9
cosrec,CoSRec-Curated_6,CoSRec-Curated_6_2_0#2,5,2,2,curiosity,0.785,0.000,0.000,0.016,0.395,,,0.372,0.494,2.512,19,43,1,,0.788,,,0.049,,0.128,0.785,0.051,,,0.143,,,,,,,,10
cosrec,CoSRec-Curated_6,CoSRec-Curated_6_2_0#3,5,2,3,curiosity,0.785,0.000,0.000,0.026,0.370,,,0.356,0.527,1.795,11,28,1,,0.788,,,0.049,,0.128,0.785,0.051,,,0.143,,,,,,,,11
cosrec,CoSRec-Curated_7,CoSRec-Curated_7_0_0#0,1,0,0,curiosity,0.742,0.000,0.000,0.052,0.478,,,0.484,0.479,3.687,58,0,0,0.905,,0.042,0.200,,0.035,,0.742,0.091,,,,,,,,,,,0
cosrec,CoSRec-Curated_7,CoSRec-Curated_7_0_0#1,1,0,1,curiosity,0.742,0.026,0.053,0.158,0.595,,,0.595,0.487,3.968,69,7,0,0.905,,0.042,0.200,,0.035,,0.742,0.091,,,,,,,,,,,1
cosrec,CoSRec-Curated_7,CoSRec-Curated_7_0_0#2,1,0,2,curiosity,0.742,0.000,0.000,0.051,0.548,,,0.511,0.523,3.989,47,12,0,0.905,,0.042,0.200,,0.035,,0.742,0.091,,,,,,,,,,,2
cosrec,CoSRec-Curated_7,CoSRec-Curated_7_1_0#0,3,1,0,curiosity,0.733,0.000,0.000,0.000,0.327,,,0.340,0.661,2.429,15,0,0,0.814,,,0.038,0.099,,0.447,0.733,0.079,,,,,,,,,,,3
cosrec,CoSRec-Curated_7,CoSRec-Curated_7_1_0#1,3,1,1,curiosity,0.733,0.000,0.064,0.085,0.441,,,0.482,0.514,3.775,38,9,0,0.814,,,0.038,0.099,,0.447,0.733,0.079,,,,,,,,,,,4
cosrec,CoSRec-Curated_7,CoSRec-Curated_7_1_0#2,3,1,2,curiosity,0.733,0.000,0.000,0.000,0.521,,,0.449,0.657,2.053,4,7,0,0.814,,,0.038,0.099,,0.447,0.733,0.079,,,,,,,,,,,5
cosrec,CoSRec-Curated_8,CoSRec-Curated_8_0_0#0,1,0,0,curiosity,0.760,0.015,0.104,0.179,0.556,,,0.539,0.582,2.539,67,0,1,,0.680,,0.202,0.036,,0.006,0.760,0.053,,,,,,,,,,,0
cosrec,CoSRec-Curated_8,CoSRec-Curated_8_0_0#1,1,0,1,curiosity,0.760,0.016,0.048,0.097,0.488,,,0.501,0.579,2.853,41,21,1,,0.680,,0.202,0.036,,0.006,0.760,0.053,,,,,,,,,,,1
cosrec,CoSRec-Curated_8,CoSRec-Curated_8_0_0#2,1,0,2,curiosity,0.760,0.013,0.103,0.154,0.595,,,0.572,0.578,2.752,45,33,1,,0.680,,0.202,0.036,,0.006,0.760,0.053,,,,,,,,,,,2
cosrec,CoSRec-Curated_8,CoSRec-Curated_8_0_0#3,1,0,3,curiosity,0.760,0.024,0.024,0.098,0.456,,,0.461,0.580,2.790,12,29,1,,0.680,,0.202,0.036,,0.006,0.760,0.053,,,,,,,,,,,3
cosrec,CoSRec-Curated_8,CoSRec-Curated_8_3_0#0,7,3,0,admiration,0.752,0.000,0.020,0.020,0.451,,,0.469,0.577,2.803,31,19,0,0.841,,,,0.094,,0.752,0.560,0.116,,,,,,,,0.023,,,4
cosrec,CoSRec-Curated_8,CoSRec-Curated_8_3_0#1,7,3,1,admiration,0.752,0.000,0.026,0.026,0.400,,,0.406,0.585,2.707,20,18,0,0.841,,,,0.094,,0.752,0.560,0.116,,,,,,,,0.023,,,5
cosrec,CoSRec-Curated_8,CoSRec-Curated_8_3_0#2,7,3,2,admiration,0.752,0.000,0.059,0.079,0.468,,,0.477,0.561,3.201,47,54,0,0.841,,,,0.094,,0.752,0.560,0.116,,,,,,,,0.023,,,6
cosrec,CoSRec-Curated_8,CoSRec-Curated_8_3_0#3,7,3,3,admiration,0.752,0.000,0.032,0.063,0.455,,,0.450,0.571,2.926,19,44,0,0.841,,,,0.094,,0.752,0.560,0.116,,,,,,,,0.023,,,7
cosrec,CoSRec-Curated_9,CoSRec-Curated_9_0_0#0,1,0,0,curiosity,0.810,0.000,0.000,0.000,0.361,,,0.380,0.523,2.011,59,0,0,0.828,,,0.041,0.079,,0.076,0.810,,,,0.165,,,,,,,,0
cosrec,CoSRec-Curated_9,CoSRec-Curated_9_0_0#1,1,0,1,curiosity,0.810,0.000,0.000,0.029,0.315,,,0.337,0.527,1.970,24,10,0,0.828,,,0.041,0.079,,0.076,0.810,,,,0.165,,,,,,,,1
cosrec,CoSRec-Curated_9,CoSRec-Curated_9_0_0#2,1,0,2,curiosity,0.810,0.000,0.024,0.049,0.424,,,0.409,0.507,2.102,21,20,0,0.828,,,0.041,0.079,,0.076,0.810,,,,0.165,,,,,,,,2
cosrec,CoSRec-Curated_9,CoSRec-Curated_9_0_0#3,1,0,3,curiosity,0.810,0.000,0.000,0.000,0.281,,,0.305,0.529,1.758,26,24,0,0.828,,,0.041,0.079,,0.076,0.810,,,,0.165,,,,,,,,3
cosrec,CoSRec-Curated_9,CoSRec-Curated_9_1_0#0,3,1,0,curiosity,0.700,0.000,0.000,0.020,0.401,,,0.427,0.528,1.745,24,27,1,,0.504,,0.039,,,0.116,0.700,,,,0.173,0.229,,,,,,,4
cosrec,CoSRec-Curated_9,CoSRec-Curated_9_1_0#1,3,1,1,curiosity,0.700,0.000,0.000,0.022,0.354,,,0.350,0.517,1.963,13,33,1,,0.504,,0.039,,,0.116,0.700,,,,0.173,0.229,,,,,,,5
cosrec,CoSRec-Curated_9,CoSRec-Curated_9_1_0#2,3,1,2,curiosity,0.700,0.000,0.000,0.019,0.339,,,0.339,0.525,1.835,5,49,1,,0.504,,0.039,,,0.116,0.700,,,,0.173,0.229,,,,,,,6
cosrec,CoSRec-Curated_9,CoSRec-Curated_9_1_0#3,3,1,3,curiosity,0.700,0.000,0.000,0.000,0.283,,,0.314,0.529,1.724,0,27,1,,0.504,,0.039,,,0.116,0.700,,,,0.173,0.229,,,,,,,7
cosrec,CoSRec-Curated_9,CoSRec-Curated_9_4_0#0,9,4,0,love,0.683,0.000,0.000,0.013,0.361,,,0.371,0.519,1.985,18,59,0,0.531,,,,0.057,,0.681,,0.520,,,,,,,,0.683,0.055,,8
cosrec,CoSRec-Curated_9,CoSRec-Curated_9_4_0#1,9,4,1,love,0.683,0.000,0.000,0.020,0.397,,,0.405,0.519,1.879,10,41,0,0.531,,,,0.057,,0.681,,0.520,,,,,,,,0.683,0.055,,9
cosrec,CoSRec-Curated_9,CoSRec-Curated_9_4_0#2,9,4,2,love,0.683,0.000,0.018,0.035,0.383,,,0.386,0.508,2.236,10,47,0,0.531,,,,0.057,,0.681,,0.520,,,,,,,,0.683,0.055,,10
cosrec,CoSRec-Curated_9,CoSRec-Curated_9_4_0#3,9,4,3,love,0.683,0.000,0.000,0.000,0.269,,,0.295,0.529,1.767,3,20,0,0.531,,,,0.057,,0.681,,0.520,,,,,,,,0.683,0.055,,11
cosrec,CoSRec-Curated_10,CoSRec-Curated_10_0_0#0,1,0,0,desire,0.479,0.000,0.000,0.000,0.289,,,0.308,0.635,1.900,46,0,0,0.941,,0.479,0.056,0.089,,,0.289,,,,0.173,,,,,,,,0
cosrec,CoSRec-Curated_10,CoSRec-Curated_10_0_0#1,1,0,1,desire,0.479,0.000,0.000,0.034,0.269,,,0.274,0.650,1.896,14,15,0,0.941,,0.479,0.056,0.089,,,0.289,,,,0.173,,,,,,,,1
cosrec,CoSRec-Curated_10,CoSRec-Curated_10_0_0#2,1,0,2,desire,0.479,0.000,0.000,0.049,0.359,,,0.369,0.629,2.615,25,16,0,0.941,,0.479,0.056,0.089,,,0.289,,,,0.173,,,,,,,,2
cosrec,CoSRec-Curated_10,CoSRec-Curated_10_1_0#0,3,1,0,confusion,0.742,0.000,0.000,0.059,0.407,,,0.402,0.631,2.145,9,8,0,0.977,,,0.102,0.016,,,0.539,0.742,,,,,,0.008,,,,,3
cosrec,CoSRec-Curated_10,CoSRec-Curated_10_1_0#1,3,1,1,confusion,0.742,0.000,0.000,0.000,0.463,,,0.467,0.643,1.830,10,10,0,0.977,,,0.102,0.016,,,0.539,0.742,,,,,,0.008,,,,,4
cosrec,CoSRec-Curated_10,CoSRec-Curated_10_1_0#2,3,1,2,confusion,0.742,0.000,0.000,0.059,0.455,,,0.471,0.632,1.899,1,16,0,0.977,,,0.102,0.016,,,0.539,0.742,,,,,,0.008,,,,,5
cosrec,CoSRec-Curated_10,CoSRec-Curated_10_4_0#0,9,4,0,curiosity,0.601,0.000,0.000,0.000,0.224,,,0.230,0.667,1.099,5,21,0,0.878,,,0.332,0.023,,,0.601,0.139,0.008,,,,,,,,,,6
cosrec,CoSRec-Curated_10,CoSRec-Curated_10_4_0#1,9,4,1,curiosity,0.601,0.000,0.000,0.034,0.294,,,0.325,0.651,1.743,3,26,0,0.878,,,0.332,0.023,,,0.601,0.139,0.008,,,,,,,,,,7
cosrec,CoSRec-Curated_10,CoSRec-Curated_10_4_0#2,9,4,2,curiosity,0.601,0.000,0.000,0.029,0.290,,,0.291,0.654,1.540,10,25,0,0.878,,,0.332,0.023,,,0.601,0.139,0.008,,,,,,,,,,8
cosrec,CoSRec-Curated_10,CoSRec-Curated_10_4_1#0,9,4,0,curiosity,0.601,0.000,0.000,0.000,0.235,,,0.245,0.661,1.305,3,24,0,0.878,,,0.332,0.023,,,0.601,0.139,0.008,,,,,,,,,,9
cosrec,CoSRec-Curated_10,CoSRec-Curated_10_4_1#1,9,4,1,curiosity,0.601,0.000,0.000,0.000,0.240,,,0.221,0.652,1.322,1,16,0,0.878,,,0.332,0.023,,,0.601,0.139,0.008,,,,,,,,,,10
cosrec,CoSRec-Curated_10,CoSRec-Curated_10_4_1#2,9,4,2,curiosity,0.601,0.000,0.000,0.031,0.298,,,0.328,0.655,1.464,4,28,0,0.878,,,0.332,0.023,,,0.601,0.139,0.008,,,,,,,,,,11
cosrec,CoSRec-Curated_11,CoSRec-Curated_11_0_0#0,1,0,0,curiosity,0.822,0.000,0.022,0.130,0.556,,,0.524,0.583,2.664,46,0,0,0.944,,,0.065,0.044,,0.031,0.822,0.123,,,,,,,,,,,0
cosrec,CoSRec-Curated_11,CoSRec-Curated_11_0_0#1,1,0,1,curiosity,0.822,0.000,0.000,0.091,0.576,,,0.543,0.573,2.832,25,19,0,0.944,,,0.065,0.044,,0.031,0.822,0.123,,,,,,,,,,,1
cosrec,CoSRec-Curated_11,CoSRec-Curated_11_0_0#2,1,0,2,curiosity,0.822,0.000,0.036,0.143,0.589,,,0.562,0.562,2.749,29,27,0,0.944,,,0.065,0.044,,0.031,0.822,0.123,,,,,,,,,,,2
cosrec,CoSRec-Curated_11,CoSRec-Curated_11_2_0#0,5,2,0,approval,0.393,0.000,0.000,0.051,0.409,,,0.413,0.584,1.985,47,12,0,0.829,,,0.110,0.393,,,0.366,0.062,,,0.067,,,,,,,,3
cosrec,CoSRec-Curated_11,CoSRec-Curated_11_2_0#1,5,2,1,approval,0.393,0.000,0.015,0.045,0.368,,,0.408,0.573,2.622,35,31,0,0.829,,,0.110,0.393,,,0.366,0.062,,,0.067,,,,,,,,4
cosrec,CoSRec-Curated_11,CoSRec-Curated_11_2_0#2,5,2,2,approval,0.393,0.018,0.053,0.070,0.450,,,0.459,0.572,2.386,23,34,0,0.829,,,0.110,0.393,,,0.366,0.062,,,0.067,,,,,,,,5
cosrec,CoSRec-Curated_11,CoSRec-Curated_11_3_0#0,7,3,0,admiration,0.783,0.000,0.000,0.000,0.239,,,0.245,0.611,1.641,11,12,0,0.791,,,,0.038,,0.783,0.692,0.041,,,0.028,,,,,,,,6
cosrec,CoSRec-Curated_11,CoSRec-Curated_11_3_0#1,7,3,1,admiration,0.783,0.000,0.000,0.000,0.201,,,0.224,0.624,1.527,1,3,0,0.791,,,,0.038,,0.783,0.692,0.041,,,0.028,,,,,,,,7
cosrec,CoSRec-Curated_11,CoSRec-Curated_11_3_0#2,7,3,2,admiration,0.783,0.000,0.030,0.061,0.393,,,0.433,0.597,1.973,21,45,0,0.791,,,,0.038,,0.783,0.692,0.041,,,0.028,,,,,,,,8
cosrec,CoSRec-Curated_12,CoSRec-Curated_12_0_0#0,1,0,0,confusion,0.853,0.016,0.078,0.109,0.508,,,0.444,0.517,2.076,64,0,0,0.975,,,0.164,0.020,,,0.258,0.853,,0.013,,,,,,,,,0
cosrec,CoSRec-Curated_12,CoSRec-Curated_12_0_0#1,1,0,1,confusion,0.853,0.048,0.145,0.161,0.628,,,0.582,0.513,2.147,29,33,0,0.975,,,0.164,0.020,,,0.258,0.853,,0.013,,,,,,,,,1
cosrec,CoSRec-Curated_12,CoSRec-Curated_12_0_0#2,1,0,2,confusion,0.853,0.000,0.053,0.088,0.482,,,0.490,0.523,1.923,37,20,0,0.975,,,0.164,0.020,,,0.258,0.853,,0.013,,,,,,,,,2
cosrec,CoSRec-Curated_12,CoSRec-Curated_12_1_0#0,3,1,0,approval,0.425,0.000,0.085,0.110,0.530,,,0.491,0.522,1.974,37,45,0,0.969,,,0.182,0.425,,,0.359,0.092,0.025,,,,,,,,,,3
cosrec,CoSRec-Curated_12,CoSRec-Curated_12_1_0#1,3,1,1,approval,0.425,0.026,0.079,0.118,0.638,,,0.596,0.524,2.150,30,46,0,0.969,,,0.182,0.425,,,0.359,0.092,0.025,,,,,,,,,,4
cosrec,CoSRec-Curated_12,CoSRec-Curated_12_1_0#2,3,1,2,approval,0.425,0.000,0.121,0.242,0.686,,,0.638,0.520,2.063,13,53,0,0.969,,,0.182,0.425,,,0.359,0.092,0.025,,,,,,,,,,5
cosrec,CoSRec-Curated_12,CoSRec-Curated_12_2_0#0,5,2,0,curiosity,0.730,0.000,0.043,0.106,0.577,,,0.529,0.525,2.160,18,29,0,0.885,,,,0.066,,0.635,0.730,,,,0.053,0.047,,,,,,,6
cosrec,CoSRec-Curated_12,CoSRec-Curated_12_2_0#1,5,2,1,curiosity,0.730,0.022,0.109,0.130,0.652,,,0.607,0.525,2.164,8,38,0,0.885,,,,0.066,,0.635,0.730,,,,0.053,0.047,,,,,,,7
cosrec,CoSRec-Curated_12,CoSRec-Curated_12_2_0#2,5,2,2,curiosity,0.730,0.000,0.023,0.070,0.533,,,0.559,0.515,2.218,8,35,0,0.885,,,,0.066,,0.635,0.730,,,,0.053,0.047,,,,,,,8
cosrec,CoSRec-Curated_12,CoSRec-Curated_12_3_0#0,7,3,0,curiosity,0.795,0.017,0.067,0.117,0.576,,,0.524,0.517,2.238,21,39,0,0.632,,,,0.049,,0.119,0.795,0.074,,,0.070,,,,,,,,9
cosrec,CoSRec-Curated_12,CoSRec-Curated_12_3_0#1,7,3,1,curiosity,0.795,0.000,0.069,0.103,0.497,,,0.495,0.520,2.240,11,47,0,0.632,,,,0.049,,0.119,0.795,0.074,,,0.070,,,,,,,,10
cosrec,CoSRec-Curated_12,CoSRec-Curated_12_3_0#2,7,3,2,curiosity,0.795,0.018,0.071,0.143,0.535,,,0.491,0.520,2.408,7,49,0,0.632,,,,0.049,,0.119,0.795,0.074,,,0.070,,,,,,,,11
cosrec,CoSRec-Curated_13,CoSRec-Curated_13_0_0#0,1,0,0,approval,0.497,0.000,0.000,0.103,0.504,,,0.507,0.593,2.101,29,0,0,0.947,,0.127,0.132,0.497,,0.080,,,,,,,,,,0.128,,,0
cosrec,CoSRec-Curated_13,CoSRec-Curated_13_0_0#1,1,0,1,approval,0.497,0.000,0.000,0.000,0.335,,,0.376,0.605,1.881,22,12,0,0.947,,0.127,0.132,0.497,,0.080,,,,,,,,,,0.128,,,1
cosrec,CoSRec-Curated_13,CoSRec-Curated_13_0_0#2,1,0,2,approval,0.497,0.000,0.000,0.125,0.522,,,0.524,0.606,1.848,4,20,0,0.947,,0.127,0.132,0.497,,0.080,,,,,,,,,,0.128,,,2
cosrec,CoSRec-Curated_13,CoSRec-Curated_13_0_0#3,1,0,3,approval,0.497,0.000,0.000,0.143,0.430,,,0.399,0.611,1.768,0,7,0,0.947,,0.127,0.132,0.497,,0.080,,,,,,,,,,0.128,,,3
cosrec,CoSRec-Curated_13,CoSRec-Curated_13_1_0#0,3,1,0,confusion,0.687,0.000,0.000,0.088,0.493,,,0.506,0.599,1.985,10,24,0,0.829,,,,0.138,,0.411,0.402,0.687,,,,,,,,0.026,,,4
cosrec,CoSRec-Curated_13,CoSRec-Curated_13_1_0#1,3,1,1,confusion,0.687,0.000,0.000,0.100,0.502,,,0.503,0.599,1.937,8,32,0,0.829,,,,0.138,,0.411,0.402,0.687,,,,,,,,0.026,,,5
cosrec,CoSRec-Curated_13,CoSRec-Curated_13_1_0#2,3,1,2,confusion,0.687,0.000,0.000,0.068,0.461,,,0.451,0.604,1.855,17,42,0,0.829,,,,0.138,,0.411,0.402,0.687,,,,,,,,0.026,,,6
cosrec,CoSRec-Curated_13,CoSRec-Curated_13_1_0#3,3,1,3,confusion,0.687,0.000,0.000,0.136,0.522,,,0.517,0.606,1.848,0,22,0,0.829,,,,0.138,,0.411,0.402,0.687,,,,,,,,0.026,,,7
cosrec,CoSRec-Curated_13,CoSRec-Curated_13_2_0#0,5,2,0,curiosity,0.576,0.000,0.000,0.100,0.552,,,0.489,0.605,1.894,3,27,0,0.918,,,0.184,0.127,,,0.576,0.175,,,,,,,,0.013,,,8
cosrec,CoSRec-Curated_13,CoSRec-Curated_13_2_0#1,5,2,1,curiosity,0.576,0.000,0.000,0.000,0.365,,,0.339,0.613,1.560,0,2,0,0.918,,,0.184,0.127,,,0.576,0.175,,,,,,,,0.013,,,9
cosrec,CoSRec-Curated_13,CoSRec-Curated_13_2_0#2,5,2,2,curiosity,0.576,0.000,0.000,0.098,0.475,,,0.466,0.594,2.055,2,39,0,0.918,,,0.184,0.127,,,0.576,0.175,,,,,,,,0.013,,,10
cosrec,CoSRec-Curated_13,CoSRec-Curated_13_2_0#3,5,2,3,curiosity,0.576,0.000,0.000,0.077,0.464,,,0.453,0.601,1.906,4,48,0,0.918,,,0.184,0.127,,,0.576,0.175,,,,,,,,0.013,,,11
cosrec,CoSRec-Curated_14,CoSRec-Curated_14_0_0#0,1,0,0,neutral,0.932,0.000,0.023,0.172,0.635,,,0.623,0.473,2.970,87,0,0,0.532,,,0.932,0.051,,,,,0.007,,,,,,,0.007,0.009,,0
cosrec,CoSRec-Curated_14,CoSRec-Curated_14_0_0#1,1,0,1,neutral,0.932,0.000,0.028,0.083,0.605,,,0.611,0.469,3.061,47,25,0,0.532,,,0.932,0.051,,,,,0.007,,,,,,,0.007,0.009,,1
cosrec,CoSRec-Curated_14,CoSRec-Curated_14_0_0#2,1,0,2,neutral,0.932,0.000,0.035,0.105,0.547,,,0.559,0.488,2.760,29,28,0,0.532,,,0.932,0.051,,,,,0.007,,,,,,,0.007,0.009,,2
cosrec,CoSRec-Curated_14,CoSRec-Curated_14_0_0#3,1,0,3,neutral,0.932,0.000,0.042,0.158,0.558,,,0.594,0.449,3.100,50,45,0,0.532,,,0.932,0.051,,,,,0.007,,,,,,,0.007,0.009,,3
cosrec,CoSRec-Curated_14,CoSRec-Curated_14_1_0#0,3,1,0,confusion,0.834,0.000,0.045,0.112,0.576,,,0.584,0.464,3.138,57,32,0,0.755,,,0.087,0.019,0.012,,0.438,0.834,,,,,,,,,,,4
cosrec,CoSRec-Curated_14,CoSRec-Curated_14_1_0#1,3,1,1,confusion,0.834,0.000,0.090,0.134,0.627,,,0.608,0.467,3.198,34,33,0,0.755,,,0.087,0.019,0.012,,0.438,0.834,,,,,,,,,,,5
cosrec,CoSRec-Curated_14,CoSRec-Curated_14_1_0#2,3,1,2,confusion,0.834,0.000,0.118,0.191,0.616,,,0.633,0.447,3.292,29,39,0,0.755,,,0.087,0.019,0.012,,0.438,0.834,,,,,,,,,,,6
cosrec,CoSRec-Curated_14,CoSRec-Curated_14_1_0#3,3,1,3,confusion,0.834,0.019,0.056,0.148,0.639,,,0.630,0.456,3.108,14,40,0,0.755,,,0.087,0.019,0.012,,0.438,0.834,,,,,,,,,,,7
cosrec,CoSRec-Curated_14,CoSRec-Curated_14_3_0#0,7,3,0,neutral,0.559,0.000,0.042,0.085,0.587,,,0.607,0.437,3.091,51,20,0,0.976,,0.151,0.559,0.096,0.057,,,,,0.052,,,,,,,,,8
cosrec,CoSRec-Curated_14,CoSRec-Curated_14_3_0#1,7,3,1,neutral,0.559,0.000,0.103,0.149,0.613,,,0.576,0.405,3.423,49,38,0,0.976,,0.151,0.559,0.096,0.057,,,,,0.052,,,,,,,,,9
cosrec,CoSRec-Curated_14,CoSRec-Curated_14_3_0#2,7,3,2,neutral,0.559,0.000,0.098,0.131,0.584,,,0.575,0.441,3.277,18,43,0,0.976,,0.151,0.559,0.096,0.057,,,,,0.052,,,,,,,,,10
cosrec,CoSRec-Curated_14,CoSRec-Curated_14_3_0#3,7,3,3,neutral,0.559,0.000,0.073,0.146,0.655,,,0.618,0.476,2.658,10,31,0,0.976,,0.151,0.559,0.096,0.057,,,,,0.052,,,,,,,,,11
cosrec,CoSRec-Curated_14,CoSRec-Curated_14_4_0#0,9,4,0,curiosity,0.413,0.000,0.056,0.111,0.574,,,0.601,0.440,2.736,29,43,0,0.913,,,0.154,0.292,,,0.413,0.139,,,0.031,,,,,,,,12
cosrec,CoSRec-Curated_14,CoSRec-Curated_14_4_0#1,9,4,1,curiosity,0.413,0.000,0.023,0.045,0.602,,,0.610,0.438,2.961,8,36,0,0.913,,,0.154,0.292,,,0.413,0.139,,,0.031,,,,,,,,13
cosrec,CoSRec-Curated_14,CoSRec-Curated_14_4_0#2,9,4,2,curiosity,0.413,0.000,0.056,0.111,0.582,,,0.592,0.426,2.993,4,14,0,0.913,,,0.154,0.292,,,0.413,0.139,,,0.031,,,,,,,,14
cosrec,CoSRec-Curated_14,CoSRec-Curated_14_4_0#3,9,4,3,curiosity,0.413,0.000,0.063,0.137,0.614,,,0.613,0.398,3.722,40,55,0,0.913,,,0.154,0.292,,,0.413,0.139,,,0.031,,,,,,,,15
cosrec,CoSRec-Curated_14,CoSRec-Curated_14_5_0#0,11,5,0,curiosity,0.679,0.000,0.074,0.111,0.637,,,0.628,0.490,2.267,3,24,0,0.875,,,0.035,0.091,,0.468,0.679,0.062,,,,,,,,,,,16
cosrec,CoSRec-Curated_14,CoSRec-Curated_14_5_0#1,11,5,1,curiosity,0.679,0.000,0.073,0.146,0.623,,,0.631,0.457,2.968,10,31,0,0.875,,,0.035,0.091,,0.468,0.679,0.062,,,,,,,,,,,17
cosrec,CoSRec-Curated_14,CoSRec-Curated_14_5_0#2,11,5,2,curiosity,0.679,0.000,0.000,0.154,0.622,,,0.617,0.488,2.468,7,32,0,0.875,,,0.035,0.091,,0.468,0.679,0.062,,,,,,,,,,,18
cosrec,CoSRec-Curated_14,CoSRec-Curated_14_5_0#3,11,5,3,curiosity,0.679,0.000,0.071,0.071,0.671,,,0.707,0.493,2.325,0,14,0,0.875,,,0.035,0.091,,0.468,0.679,0.062,,,,,,,,,,,19
cosrec,CoSRec-Curated_14,CoSRec-Curated_14_7_0#0,15,7,0,admiration,0.747,0.000,0.037,0.148,0.657,,,0.640,0.460,2.725,14,40,0,0.605,,,0.018,0.037,,0.747,0.692,0.070,,,,,,,,,,,20
cosrec,CoSRec-Curated_14,CoSRec-Curated_14_7_0#1,15,7,1,admiration,0.747,0.000,0.027,0.216,0.681,,,0.661,0.492,2.216,7,30,0,0.605,,,0.018,0.037,,0.747,0.692,0.070,,,,,,,,,,,21
cosrec,CoSRec-Curated_14,CoSRec-Curated_14_7_0#2,15,7,2,admiration,0.747,0.000,0.073,0.200,0.634,,,0.651,0.484,2.513,14,41,0,0.605,,,0.018,0.037,,0.747,0.692,0.070,,,,,,,,,,,22
cosrec,CoSRec-Curated_14,CoSRec-Curated_14_7_0#3,15,7,3,admiration,0.747,0.000,0.043,0.145,0.636,,,0.622,0.454,2.806,11,58,0,0.605,,,0.018,0.037,,0.747,0.692,0.070,,,,,,,,,,,23
cosrec,CoSRec-Curated_15,CoSRec-Curated_15_0_0#0,1,0,0,neutral,0.729,0.045,0.045,0.091,0.559,,,0.543,0.589,1.866,44,0,1,,0.570,,0.729,0.167,,,,0.020,0.055,0.010,,,,,,,,,0
cosrec,CoSRec-Curated_15,CoSRec-Curated_15_0_0#1,1,0,1,neutral,0.729,0.032,0.065,0.129,0.656,,,0.623,0.591,1.802,16,15,1,,0.570,,0.729,0.167,,,,0.020,0.055,0.010,,,,,,,,,1
cosrec,CoSRec-Curated_15,CoSRec-Curated_15_0_0#2,1,0,2,neutral,0.729,0.000,0.077,0.192,0.651,,,0.626,0.588,1.813,32,20,1,,0.570,,0.729,0.167,,,,0.020,0.055,0.010,,,,,,,,,2
cosrec,CoSRec-Curated_15,CoSRec-Curated_15_0_0#3,1,0,3,neutral,0.729,0.000,0.036,0.107,0.604,,,0.580,0.591,1.872,7,21,1,,0.570,,0.729,0.167,,,,0.020,0.055,0.010,,,,,,,,,3
cosrec,CoSRec-Curated_15,CoSRec-Curated_15_1_0#0,3,1,0,curiosity,0.618,0.000,0.031,0.125,0.609,,,0.573,0.591,1.893,10,22,0,0.821,,,0.037,0.135,,0.439,0.618,0.119,,,,,,,,,,,4
cosrec,CoSRec-Curated_15,CoSRec-Curated_15_1_0#1,3,1,1,curiosity,0.618,0.000,0.071,0.089,0.536,,,0.568,0.575,2.276,28,28,0,0.821,,,0.037,0.135,,0.439,0.618,0.119,,,,,,,,,,,5
cosrec,CoSRec-Curated_15,CoSRec-Curated_15_1_0#2,3,1,2,curiosity,0.618,0.016,0.032,0.111,0.616,,,0.586,0.581,2.210,20,43,0,0.821,,,0.037,0.135,,0.439,0.618,0.119,,,,,,,,,,,6
cosrec,CoSRec-Curated_15,CoSRec-Curated_15_1_0#3,3,1,3,curiosity,0.618,0.015,0.045,0.121,0.559,,,0.579,0.578,2.375,21,45,0,0.821,,,0.037,0.135,,0.439,0.618,0.119,,,,,,,,,,,7
cosrec,CoSRec-Curated_15,CoSRec-Curated_15_4_0#0,9,4,0,approval,0.277,0.070,0.116,0.233,0.555,,,0.578,0.587,1.888,14,29,0,0.555,,0.211,0.197,0.277,,,0.256,0.035,,,,,,,,,,,8
cosrec,CoSRec-Curated_15,CoSRec-Curated_15_4_0#1,9,4,1,approval,0.277,0.022,0.109,0.196,0.669,,,0.655,0.587,1.810,5,41,0,0.555,,0.211,0.197,0.277,,,0.256,0.035,,,,,,,,,,,9
cosrec,CoSRec-Curated_15,CoSRec-Curated_15_4_0#2,9,4,2,approval,0.277,0.000,0.021,0.188,0.616,,,0.608,0.592,1.841,11,37,0,0.555,,0.211,0.197,0.277,,,0.256,0.035,,,,,,,,,,,10
cosrec,CoSRec-Curated_15,CoSRec-Curated_15_4_0#3,9,4,3,approval,0.277,0.000,0.097,0.258,0.650,,,0.620,0.587,1.775,2,29,0,0.555,,0.211,0.197,0.277,,,0.256,0.035,,,,,,,,,,,11
cosrec,CoSRec-Curated_15,CoSRec-Curated_15_5_0#0,11,5,0,gratitude,0.991,0.000,0.077,0.154,0.562,,,0.575,0.595,1.642,1,25,0,0.576,,,,0.057,0.009,0.010,,,0.007,,,,,,,,,0.991,12
cosrec,CoSRec-Curated_15,CoSRec-Curated_15_5_0#1,11,5,1,gratitude,0.991,0.000,0.067,0.133,0.664,,,0.654,0.587,1.868,1,29,0,0.576,,,,0.057,0.009,0.010,,,0.007,,,,,,,,,0.991,13
cosrec,CoSRec-Curated_15,CoSRec-Curated_15_5_0#2,11,5,2,gratitude,0.991,0.000,0.029,0.235,0.647,,,0.639,0.591,1.861,6,28,0,0.576,,,,0.057,0.009,0.010,,,0.007,,,,,,,,,0.991,14
cosrec,CoSRec-Curated_15,CoSRec-Curated_15_5_0#3,11,5,3,gratitude,0.991,0.000,0.105,0.263,0.578,,,0.550,0.589,1.780,2,17,0,0.576,,,,0.057,0.009,0.010,,,0.007,,,,,,,,,0.991,15
cosrec,CoSRec-Curated_16,CoSRec-Curated_16_0_0#0,1,0,0,desire,0.289,0.000,0.000,0.025,0.464,,,0.481,0.531,2.988,40,0,0,0.937,,0.289,0.207,0.158,0.176,0.068,,,,,,,,,,,,,0
cosrec,CoSRec-Curated_16,CoSRec-Curated_16_0_0#1,1,0,1,desire,0.289,0.000,0.077,0.154,0.540,,,0.587,0.496,3.148,17,9,0,0.937,,0.289,0.207,0.158,0.176,0.068,,,,,,,,,,,,,1
cosrec,CoSRec-Curated_16,CoSRec-Curated_16_0_0#2,1,0,2,desire,0.289,0.000,0.023,0.070,0.589,,,0.557,0.567,2.941,26,17,0,0.937,,0.289,0.207,0.158,0.176,0.068,,,,,,,,,,,,,2
cosrec,CoSRec-Curated_16,CoSRec-Curated_16_0_0#3,1,0,3,desire,0.289,0.000,0.000,0.050,0.491,,,0.470,0.600,2.863,28,12,0,0.937,,0.289,0.207,0.158,0.176,0.068,,,,,,,,,,,,,3
cosrec,CoSRec-Curated_16,CoSRec-Curated_16_1_0#0,3,1,0,curiosity,0.593,0.000,0.053,0.053,0.494,,,0.495,0.606,2.284,13,6,0,0.917,,,,,,0.050,0.593,0.049,,,0.115,0.412,,,,,,,4
cosrec,CoSRec-Curated_16,CoSRec-Curated_16_1_0#1,3,1,1,curiosity,0.593,0.000,0.000,0.227,0.649,,,0.636,0.617,2.187,6,16,0,0.917,,,,,,0.050,0.593,0.049,,,0.115,0.412,,,,,,,5
cosrec,CoSRec-Curated_16,CoSRec-Curated_16_1_0#2,3,1,2,curiosity,0.593,0.000,0.023,0.114,0.563,,,0.566,0.594,2.597,18,26,0,0.917,,,,,,0.050,0.593,0.049,,,0.115,0.412,,,,,,,6
cosrec,CoSRec-Curated_16,CoSRec-Curated_16_1_0#3,3,1,3,curiosity,0.593,0.000,0.037,0.111,0.571,,,0.604,0.596,2.484,3,24,0,0.917,,,,,,0.050,0.593,0.049,,,0.115,0.412,,,,,,,7
cosrec,CoSRec-Curated_16,CoSRec-Curated_16_3_1#0,7,3,0,gratitude,0.931,0.000,0.042,0.125,0.561,,,0.573,0.600,2.335,6,18,0,0.932,,,0.027,0.027,,,0.372,0.028,,,,,,,,,,0.931,8
cosrec,CoSRec-Curated_16,CoSRec-Curated_16_3_1#1,7,3,1,gratitude,0.931,0.000,0.040,0.080,0.600,,,0.607,0.613,2.262,3,22,0,0.932,,,0.027,0.027,,,0.372,0.028,,,,,,,,,,0.931,9
cosrec,CoSRec-Curated_16,CoSRec-Curated_16_3_1#2,7,3,2,gratitude,0.931,0.000,0.000,0.000,0.588,,,0.604,0.616,2.171,1,9,0,0.932,,,0.027,0.027,,,0.372,0.028,,,,,,,,,,0.931,10
cosrec,CoSRec-Curated_16,CoSRec-Curated_16_3_1#3,7,3,3,gratitude,0.931,0.000,0.000,0.111,0.637,,,0.638,0.628,2.028,0,9,0,0.932,,,0.027,0.027,,,0.372,0.028,,,,,,,,,,0.931,11
cosrec,CoSRec-Curated_17,CoSRec-Curated_17_0_0#0,1,0,0,approval,0.734,0.013,0.158,0.171,0.580,,,0.570,0.587,2.138,76,0,0,0.927,,0.032,0.092,0.734,0.041,0.147,,,,,,,,,,,,,0
cosrec,CoSRec-Curated_17,CoSRec-Curated_17_0_0#1,1,0,1,approval,0.734,0.025,0.087,0.163,0.562,,,0.581,0.593,2.078,41,39,0,0.927,,0.032,0.092,0.734,0.041,0.147,,,,,,,,,,,,,1
cosrec,CoSRec-Curated_17,CoSRec-Curated_17_0_0#2,1,0,2,approval,0.734,0.043,0.229,0.314,0.659,,,0.682,0.586,2.218,28,42,0,0.927,,0.032,0.092,0.734,0.041,0.147,,,,,,,,,,,,,2
cosrec,CoSRec-Curated_17,CoSRec-Curated_17_1_0#0,3,1,0,neutral,0.654,0.037,0.195,0.280,0.649,,,0.649,0.603,1.814,60,22,0,0.972,,,0.654,0.162,0.119,,,0.026,0.021,,,,,,,,,,3
cosrec,CoSRec-Curated_17,CoSRec-Curated_17_1_0#1,3,1,1,neutral,0.654,0.036,0.145,0.217,0.597,,,0.640,0.591,1.998,18,65,0,0.972,,,0.654,0.162,0.119,,,0.026,0.021,,,,,,,,,,4
cosrec,CoSRec-Curated_17,CoSRec-Curated_17_1_0#2,3,1,2,neutral,0.654,0.053,0.158,0.242,0.640,,,0.657,0.584,2.156,25,70,0,0.972,,,0.654,0.162,0.119,,,0.026,0.021,,,,,,,,,,5
cosrec,CoSRec-Curated_17,CoSRec-Curated_17_2_0#0,5,2,0,confusion,0.459,0.066,0.344,0.410,0.719,,,0.733,0.598,1.852,17,44,0,0.632,,,0.281,,,,0.454,0.459,0.026,,,0.086,,,,,,,6
cosrec,CoSRec-Curated_17,CoSRec-Curated_17_2_0#1,5,2,1,confusion,0.459,0.078,0.333,0.392,0.758,,,0.725,0.592,1.875,8,43,0,0.632,,,0.281,,,,0.454,0.459,0.026,,,0.086,,,,,,,7
cosrec,CoSRec-Curated_17,CoSRec-Curated_17_2_0#2,5,2,2,confusion,0.459,0.034,0.276,0.310,0.702,,,0.678,0.589,2.054,6,52,0,0.632,,,0.281,,,,0.454,0.459,0.026,,,0.086,,,,,,,8
cosrec,CoSRec-Curated_18,CoSRec-Curated_18_0_0#0,1,0,0,love,0.614,0.000,0.027,0.055,0.458,,,0.466,0.533,1.850,73,0,1,,0.518,,0.031,,,0.031,,,,,0.307,,,,,0.614,0.172,,0
cosrec,CoSRec-Curated_18,CoSRec-Curated_18_0_0#1,1,0,1,love,0.614,0.000,0.023,0.070,0.556,,,0.504,0.549,1.808,29,14,1,,0.518,,0.031,,,0.031,,,,,0.307,,,,,0.614,0.172,,1
cosrec,CoSRec-Curated_18,CoSRec-Curated_18_0_0#2,1,0,2,love,0.614,0.000,0.042,0.070,0.523,,,0.481,0.539,1.962,35,36,1,,0.518,,0.031,,,0.031,,,,,0.307,,,,,0.614,0.172,,2
cosrec,CoSRec-Curated_18,CoSRec-Curated_18_1_0#0,3,1,0,confusion,0.429,0.000,0.031,0.062,0.419,,,0.415,0.551,1.753,34,31,0,0.856,,,0.143,,,,0.306,0.429,,0.243,,0.069,,,,,,,3
cosrec,CoSRec-Curated_18,CoSRec-Curated_18_1_0#1,3,1,1,confusion,0.429,0.000,0.013,0.093,0.485,,,0.463,0.549,1.804,25,50,0,0.856,,,0.143,,,,0.306,0.429,,0.243,,0.069,,,,,,,4
cosrec,CoSRec-Curated_18,CoSRec-Curated_18_1_0#2,3,1,2,confusion,0.429,0.000,0.029,0.086,0.446,,,0.434,0.554,1.824,4,31,0,0.856,,,0.143,,,,0.306,0.429,,0.243,,0.069,,,,,,,5
cosrec,CoSRec-Curated_19,CoSRec-Curated_19_0_0#0,1,0,0,love,0.768,0.019,0.074,0.167,0.548,,,0.524,0.600,2.457,54,0,0,0.915,,,,0.176,,0.057,,0.576,0.031,,,,,,,0.768,,,0
cosrec,CoSRec-Curated_19,CoSRec-Curated_19_0_0#1,1,0,1,love,0.768,0.000,0.098,0.171,0.562,,,0.530,0.606,2.187,36,5,0,0.915,,,,0.176,,0.057,,0.576,0.031,,,,,,,0.768,,,1
cosrec,CoSRec-Curated_19,CoSRec-Curated_19_0_0#2,1,0,2,love,0.768,0.033,0.133,0.233,0.704,,,0.676,0.605,2.199,36,24,0,0.915,,,,0.176,,0.057,,0.576,0.031,,,,,,,0.768,,,2
cosrec,CoSRec-Curated_19,CoSRec-Curated_19_1_0#0,3,1,0,confusion,0.595,0.000,0.030,0.090,0.490,,,0.488,0.601,2.375,58,9,0,0.959,,,0.425,,,,0.220,0.595,,0.101,,,,0.020,,,,,3
cosrec,CoSRec-Curated_19,CoSRec-Curated_19_1_0#1,3,1,1,confusion,0.595,0.000,0.047,0.165,0.588,,,0.562,0.599,2.426,49,36,0,0.959,,,0.425,,,,0.220,0.595,,0.101,,,,0.020,,,,,4
cosrec,CoSRec-Curated_19,CoSRec-Curated_19_1_0#2,3,1,2,confusion,0.595,0.000,0.049,0.122,0.467,,,0.454,0.598,2.445,34,48,0,0.959,,,0.425,,,,0.220,0.595,,0.101,,,,0.020,,,,,5
cosrec,CoSRec-Curated_19,CoSRec-Curated_19_7_0#0,15,7,0,surprise,0.659,0.306,0.388,0.408,0.801,,,0.784,0.603,2.180,45,4,0,0.865,,,,,,,0.416,0.195,0.056,,0.066,0.659,,,,,,,6
cosrec,CoSRec-Curated_19,CoSRec-Curated_19_7_0#1,15,7,1,surprise,0.659,0.306,0.333,0.444,0.833,,,0.801,0.606,2.141,8,28,0,0.865,,,,,,,0.416,0.195,0.056,,0.066,0.659,,,,,,,7
cosrec,CoSRec-Curated_19,CoSRec-Curated_19_7_0#2,15,7,2,surprise,0.659,0.361,0.389,0.417,0.801,,,0.762,0.608,2.009,13,23,0,0.865,,,,,,,0.416,0.195,0.056,,0.066,0.659,,,,,,,8
cosrec,CoSRec-Curated_20,CoSRec-Curated_20_0_0#0,1,0,0,approval,0.530,0.000,0.019,0.077,0.458,,,0.511,0.624,1.580,52,0,0,0.884,,,0.098,0.530,,0.422,0.034,,,0.059,,,,,,,,,0
cosrec,CoSRec-Curated_20,CoSRec-Curated_20_0_0#1,1,0,1,approval,0.530,0.000,0.037,0.074,0.437,,,0.505,0.623,1.544,3,24,0,0.884,,,0.098,0.530,,0.422,0.034,,,0.059,,,,,,,,,1
cosrec,CoSRec-Curated_20,CoSRec-Curated_20_0_0#2,1,0,2,approval,0.530,0.000,0.053,0.158,0.501,,,0.547,0.591,1.768,17,21,0,0.884,,,0.098,0.530,,0.422,0.034,,,0.059,,,,,,,,,2
cosrec,CoSRec-Curated_20,CoSRec-Curated_20_0_0#3,1,0,3,approval,0.530,0.000,0.059,0.088,0.451,,,0.496,0.626,1.503,12,22,0,0.884,,,0.098,0.530,,0.422,0.034,,,0.059,,,,,,,,,3
cosrec,CoSRec-Curated_20,CoSRec-Curated_20_1_0#0,3,1,0,confusion,0.600,0.000,0.071,0.107,0.522,,,0.567,0.621,1.667,8,20,0,0.939,,,,0.118,,0.555,0.407,0.600,,,,,,,,,,0.036,4
cosrec,CoSRec-Curated_20,CoSRec-Curated_20_1_0#1,3,1,1,confusion,0.600,0.000,0.026,0.079,0.380,,,0.395,0.597,2.286,14,24,0,0.939,,,,0.118,,0.555,0.407,0.600,,,,,,,,,,0.036,5
cosrec,CoSRec-Curated_20,CoSRec-Curated_20_1_0#2,3,1,2,confusion,0.600,0.000,0.075,0.094,0.465,,,0.516,0.624,1.547,7,46,0,0.939,,,,0.118,,0.555,0.407,0.600,,,,,,,,,,0.036,6
cosrec,CoSRec-Curated_20,CoSRec-Curated_20_1_0#3,3,1,3,confusion,0.600,0.000,0.045,0.114,0.459,,,0.481,0.601,1.620,6,38,0,0.939,,,,0.118,,0.555,0.407,0.600,,,,,,,,,,0.036,7
cosrec,CoSRec-Curated_20,CoSRec-Curated_20_3_0#0,7,3,0,admiration,0.711,0.000,0.057,0.143,0.515,,,0.565,0.625,1.561,7,28,0,0.845,,0.047,,0.283,0.051,0.711,0.056,,,,,,,,,,,,8
cosrec,CoSRec-Curated_20,CoSRec-Curated_20_3_0#1,7,3,1,admiration,0.711,0.000,0.060,0.120,0.456,,,0.521,0.624,1.632,3,47,0,0.845,,0.047,,0.283,0.051,0.711,0.056,,,,,,,,,,,,9
cosrec,CoSRec-Curated_20,CoSRec-Curated_20_3_0#2,7,3,2,admiration,0.711,0.000,0.039,0.137,0.443,,,0.492,0.620,1.856,8,43,0,0.845,,0.047,,0.283,0.051,0.711,0.056,,,,,,,,,,,,10
cosrec,CoSRec-Curated_20,CoSRec-Curated_20_3_0#3,7,3,3,admiration,0.711,0.000,0.036,0.127,0.428,,,0.473,0.625,1.540,7,48,0,0.845,,0.047,,0.283,0.051,0.711,0.056,,,,,,,,,,,,11
cosrec,CoSRec-Curated_20,CoSRec-Curated_20_4_0#0,9,4,0,curiosity,0.738,0.000,0.000,0.100,0.458,,,0.514,0.622,1.732,2,18,0,0.710,,,,0.066,,0.510,0.738,0.216,,,,,,,,0.023,,,12
cosrec,CoSRec-Curated_20,CoSRec-Curated_20_4_0#1,9,4,1,curiosity,0.738,0.000,0.043,0.128,0.455,,,0.483,0.623,1.587,4,43,0,0.710,,,,0.066,,0.510,0.738,0.216,,,,,,,,0.023,,,13
cosrec,CoSRec-Curated_20,CoSRec-Curated_20_4_0#2,9,4,2,curiosity,0.738,0.000,0.057,0.132,0.478,,,0.522,0.625,1.521,5,48,0,0.710,,,,0.066,,0.510,0.738,0.216,,,,,,,,0.023,,,14
cosrec,CoSRec-Curated_20,CoSRec-Curated_20_4_0#3,9,4,3,curiosity,0.738,0.000,0.034,0.121,0.475,,,0.506,0.624,1.533,3,55,0,0.710,,,,0.066,,0.510,0.738,0.216,,,,,,,,0.023,,,15
